,Gemma_grade_0shot,Gemma_feedback_0shot,Gemma_grade_0shot_cot,Gemma_feedback_0shot_cot,Gemma_grade_fewshot_cot,Gemma_feedback_fewshot_cot
499,2.0,"The answer provides a good overview of the structure of a convolutional neural network, including convolutional layers, pooling layers, and activation layers. However, it could be more detailed by including information about the purpose of each layer and the specific mathematical operations performed in each layer.",2.0,"The answer provides a good overview of the structure of a convolutional neural network, including convolutional layers, pooling layers, and activation layers. However, it could be more detailed by including information about the purpose of each layer and the specific mathematical operations performed in each layer.",2.0,"The answer captures the essence of the reference answer, but misses significant points or contains major errors."
128,2.0,"The answer captures the essence of the reference answer, but misses some details. It could be improved by providing more context or by accurately identifying the different classes.",2.0,"The answer captures the essence of the reference answer, but misses some details. It could be improved by providing more context or by accurately identifying the classes.",2.0,"The answer captures the essence of the reference answer, but misses significant points or contains major errors."
22,2.0,"The answer provides a good understanding of the definition of an artificial neural network and its resemblance to the human brain. However, it could be improved by providing more details about the learning process and the role of synaptic weights.",2.0,"The answer captures the essence of the reference answer, but misses significant points about the interneuron connections between neurons in the brain.",2.0,"The student's answer captures the essence of the reference answer, but misses significant points or contains major errors."
35,2.0,"The answer provides a basic definition of an artificial neural network and compares it to the human brain in a few aspects. However, it lacks a comprehensive understanding of the key concepts and fails to provide a clear explanation of how they are similar and different. ",2.0,"The answer captures the essence of the reference answer, but misses significant points or contains major errors.",2.0,"The student's answer captures the essence of the reference answer, but misses significant points or contains major errors."
511,2.0,"The answer provides a basic description of the structure of a CNN, but it lacks details and misses the explanation of the purpose of each layer. It should also provide a more concise and accurate representation of the different layers and their functions.",2.0,"The answer provides a basic description of the structure of a CNN, but it lacks details and misses the specific terminology used in the question. It could be improved by providing a more accurate and comprehensive explanation of the layers and their functions.",2.0,"The student's answer captures the essence of the reference answer, but misses significant points or contains major errors."
182,1.0,"The answer captures some of the essential ideas, but misses the detailed description of the SOM learning process. It also contains a few syntax errors.",1.0,"The answer captures some of the essential ideas, but misses the detailed description of the SOM learning process.",1.0,"The answer captures the essence of the reference answer, but misses significant points or contains major errors."
381,2.0,"The answer provides a good understanding of the role of the learning rate in steepest descent. It correctly identifies the different convergence behaviors based on the learning rate. However, it could be improved by providing more details and examples to support the answers.",1.0,"The student's answer partially captures the essence of the reference answer, but misses significant points or contains major errors.",2.0,"The student's answer captures the essence of the reference answer, but misses significant points or contains major errors."
300,2.0,"The answer captures the essence of the reference answer, but misses some details. It should be more precise and provide a clear definition of the term 'shatters'. ",1.0,"The student's answer captures some of the key points, but it misses the crucial definition of hypothesis shattering a dataset. The reference answer provides a more precise and comprehensive definition.",2.0,"The student's answer captures the essence of the reference answer, but misses significant points or contains major errors."
382,1.0,"The answer provides a basic understanding of the role of the learning rate in steepest descent, but misses the key concept of learning rate as a control on the convergence speed. It also contains a few grammatical errors.",1.0,"The student's answer partially captures the essence of the reference answer, but misses significant points or contains major errors.",2.0,"The student demonstrates a basic understanding of the term 'artificial neural network'. However, the answer is missing some key details and does not provide a comprehensive definition of the term."
515,1.0,"The answer provides a basic description of the structure of a CNN, but it misses the key details of each layer. It should include a more detailed explanation of each layer, such as the purpose of convolution, deconvolution, and max pooling.",1.0,"The answer provides a basic description of the structure of a CNN, but it misses the key details and concepts of each layer.",2.0,"The answer captures the essence of the reference answer, but misses significant points or contains major errors."
203,2.0,"The answer provides a basic understanding of the concept of an SVM, including the decision boundary and the kernel trick. However, it lacks a detailed explanation of the underlying mathematical concepts and the optimization algorithm used by SVMs.",2.0,"The answer captures the essence of the reference answer, but misses some details. It could be improved by providing more context and by including a more detailed explanation of the kernel trick.",2.0,"The answer captures the essence of the reference answer, but misses significant points or contains major errors."
262,2.0,"The answer provides a good understanding of the role of the steepest descent method in learning a network. It correctly describes that the method updates the weights in the direction of the steepest descent, which is opposite to the gradient vector. However, it could be improved by providing more details about the algorithm, such as how it handles local minima and how it is used to find the minimum of the cost function.",2.0,"The answer captures the essence of the reference answer, but misses some details. It could be improved by providing more context or by addressing the issue of the zigzag motion.",2.0,"The student's answer captures the essence of the reference answer, but misses significant points or contains major errors."
549,2.0,"The answer captures the essence of the reference answer, but misses some details. It should mention that RBFN is a single hidden layer NN and that the bias is not unique.",2.0,"The answer captures the essence of the reference answer, but misses some details. It should have mentioned that RBFN is a single hidden layer NN and that the bias is not unique.",2.0,"The student's answer captures the essence of the reference answer, but misses significant points or contains major errors."
452,2.0,"The answer captures the essence of the reference answer, but misses some details about the bi-parted graph and the role of the input and hidden layers.",2.0,"The answer captures the essence of the reference answer, but misses some details about the bi-parted graph and the role of the input and hidden layers.",2.0,"The student provides a good definition of the term 'artificial neural network' and mentions that it is similar to the human brain in two aspects. However, the student's answer could be improved by providing a more detailed description of the synaptic weights and how they are used to store knowledge."
249,2.0,"The answer provides a basic understanding of the role of the steepest descent method in learning a network. However, it lacks a detailed explanation of the process and misses some key points such as the direction of the steepest descent and the potential for local minima.",2.0,"The student's answer captures the essence of the reference answer, but misses some details and contains a minor error in the direction of the steepest descent.",2.0,"The student's answer captures the essence of the reference answer, but misses significant points or contains major errors."
80,1.0,"The answer captures the basic idea of the perceptron algorithm, but it misses the details of the update rule and the convergence condition.",1.0,"The student's answer captures some of the main ideas, but misses the details and does not capture the essence of the reference answer.",1.0,"The student's answer captures the essence of the reference answer, but misses significant points or contains major errors."
598,2.0,"The answer captures the essence of the reference answer, but misses some details. It could be improved by providing more context or by using more precise language.",1.0,"The answer captures some of the main ideas, but misses the overall approach and the importance of choosing the most frequent class.",1.0,"The answer captures the essence of the reference answer, but misses significant points or contains major errors."
137,2.0,"The answer captures the essence of the reference answer, but misses some details. It could be improved by providing more context or by explicitly stating the difference between classification and regression.",2.0,"The answer captures the essence of the reference answer, but misses some details. It could be improved by providing more context or by being more precise in its descriptions.",2.0,"The student's answer captures the essence of the reference answer, but misses significant points or contains major errors."
484,2.0,"The answer provides a good definition of Echo State Network, including its key characteristics and the training process. However, it could benefit from providing more details about the recurrent connections between neurons in the reservoir and the output layer.",2.0,"The answer provides a good understanding of the concept of Echo State Networks and their differences from regular feedforward networks. However, it could be improved by providing more specific examples or elaborating on the importance of the recurrent connections in ESN.",2.0,"The student's answer captures the essence of the reference answer, but misses significant points or contains major errors."
77,2.0,"The answer captures the essence of the reference answer, but misses some details. It could be improved by providing more context or by using more precise language.",1.0,"The student's answer captures some of the main ideas, but misses the details and does not capture the essence of the reference answer.",1.0,"The student's answer captures the essence of the reference answer, but misses significant points or contains major errors."
270,2.0,"The answer captures the essence of the reference answer, but misses some points. It should be more careful in defining the dataset and the concept of shattering a dataset.",1.0,"The student's answer captures some of the key points, but it misses the mark by not explicitly stating that the hypothesis needs to split the positive and negative data with zero error for all possible combinations of labels in the dataset.",2.0,"The student's answer captures the essence of the reference answer, but misses significant points or contains major errors."
506,1.0,"The answer provides a basic description of the structure of a CNN, but it misses the key details and concepts of the network. It should include a more comprehensive explanation of the different layers and their functions, including the convolution operation, max pooling, and fully connected layers.",1.0,"The answer provides a basic description of the structure of a CNN, but it misses the key details and concepts of the network. It should include a more comprehensive explanation of the convolution operation, the max pooling layer, and the overall architecture of the network.",2.0,"The answer captures the essence of the reference answer, but misses significant points or contains major errors."
276,2.0,"The answer captures the essence of the reference answer, but misses significant points such as the requirement of no error in the output data.",1.0,"The answer captures some of the essence of the reference answer, but misses the key point about the error in the dataset.",2.0,"The student's answer captures the essence of the reference answer, but misses significant points or contains major errors."
560,2.0,"The answer provides a good understanding of the main ideas, but it misses some details in the description of the RBFN architecture.",2.0,"The answer captures the essence of the reference answer, but misses some details about the centers and the weights. It should be more careful in explaining the difference between RBFN and other NNs.",2.0,"The student's answer captures the essence of the reference answer, but misses significant points or contains major errors."
168,,,,,,
109,1.0,"The answer captures the basic idea of the perceptron algorithm, but it misses the details of the update rule and the convergence condition.",1.0,"The student's answer captures some of the main ideas, but misses the detailed explanation of the perceptron algorithm. The student should provide a more comprehensive explanation that covers the essential steps of the algorithm.",1.0,"The student's answer captures the essence of the reference answer, but misses significant points or contains major errors."
152,1.0,"The answer captures some of the essential steps of SOM learning, but misses the overall logic and the specific details of the algorithm.",1.0,"The answer captures some of the essential steps involved in SOM learning, but misses the overall context and lacks a clear understanding of the main ideas.",2.0,"The answer captures the essence of the reference answer, but misses significant points or contains major errors."
464,1.0,"The answer provides a basic definition of Echo State Network, but it misses the key difference between ESN and FF NNs, which is the recurrent connection in the ESN.",1.0,"The answer provides a basic definition of Echo State Network, but it misses the key concept of recurrent connections between the input and reservoir layers. The reference answer provides a more comprehensive explanation of ESN, including the recurrent connections and the role of the reservoir.",2.0,"The student's answer captures the essence of the reference answer, but misses significant points or contains major errors."
204,2.0,"The answer provides a basic description of the concept of an SVM, but it lacks depth and misses several important details. It should emphasize that an SVM is a linear classifier and uses a decision boundary to separate data points into different classes.",2.0,"The answer captures the essence of the reference answer, but misses some details about the margin of separation and the role of support vectors.",2.0,"The answer captures the essence of the reference answer, but misses significant points or contains major errors."
611,1.0,"The answer provides a basic understanding of the bias-variance dilemma, but misses the key concepts of bias and variance. It also lacks a clear explanation of how these concepts relate to the problem.",1.0,"The answer provides a basic understanding of the bias-variance dilemma, but misses the key concepts of bias and variance. It also lacks a clear explanation of how these concepts relate to the problem.",2.0,"The student provides a good definition of the term 'artificial neural network' and mentions its resemblance to the human brain. However, the answer could be improved by providing more details about the synaptic weights and how they store knowledge."
212,2.0,"The answer captures the essence of the reference answer, but misses some details about the margin of separation between classes.",2.0,"The answer captures the essence of the reference answer, but misses some details about the margin of separation between classes.",2.0,"The answer captures the essence of the reference answer, but misses significant points or contains major errors."
275,1.0,"The answer captures the essence of the reference answer, but misses significant points by not mentioning that the hypothesis needs to split the positive data from the negative data with no error.",1.0,"The student's answer captures some of the key points, but it misses the crucial condition of the 'no error' definition. The reference answer provides a more precise and comprehensive definition.",2.0,"The student's answer captures the essence of the reference answer, but misses significant points or contains major errors."
536,2.0,"The answer provides a good understanding of the main ideas, but it misses some details in the description of the RBFN architecture. It should also be noted that the bias is not unique in an RBFN.",2.0,"The answer captures the essence of the reference answer, but misses significant points about the RBFN architecture and the bias.",2.0,"The answer captures the essence of the reference answer, but misses significant points or contains major errors."
344,,,,,,
228,2.0,The answer provides a good understanding of the role of the steepest descent method in minimizing the cost function. It correctly identifies that the weights are updated in the direction of the steepest descent and provides a concise explanation of the process.,2.0,"The answer captures the essence of the reference answer, but misses some details. It could be improved by providing more context or by addressing the issue of local minima.",2.0,"The student demonstrates a basic understanding of the term 'artificial neural network'. They are able to provide a definition of the term, but they miss the key details about the structure and function of the network."
247,2.0,"The answer provides a good understanding of the role of the steepest descent method in learning a network. It correctly identifies that the method updates the weights in the direction of the steepest descent and provides a concise explanation of its purpose. However, it could be improved by providing more details about the algorithm and by explaining why it is more efficient than other optimization methods such as gradient descent.",2.0,"The answer captures the essence of the reference answer, but misses some details about the steepest descent algorithm. It could benefit from a more detailed explanation of how the algorithm works and how it is used to find the minimum of the cost function.",2.0,"The student demonstrates a basic understanding of the term 'artificial neural network'. However, the answer is missing the key concept of how the network resembles the human brain."
378,2.0,"The answer provides a good understanding of the backpropagation algorithm and its purpose. It accurately describes the key steps involved in backpropagation, including the propagation of the error backward from the last layer to the first layer. However, it could be more detailed and provide more context about the algorithm and its applications.",2.0,"The answer captures the essence of the reference answer, but misses significant points such as the role of the gradient in the update process and the use of the chain rule for calculating the partial derivative.",2.0,"The answer captures the essence of the reference answer, but misses significant points or contains major errors."
592,1.0,"The answer captures some of the main ideas, but it misses the specific details of the reference answer. It should be more precise and provide more accurate information.",1.0,"The answer captures some of the main ideas, but it misses the overall approach and does not provide a clear explanation of the k-nearest neighbors algorithm.",2.0,"The student's answer captures the essence of the reference answer, but misses some details. It could be improved by providing more specific examples and by explaining the concept of synaptic weights in more detail."
31,2.0,"The answer provides a good understanding of the definition of an artificial neural network and its resemblance to the human brain. However, it could be improved by providing more details about the learning process and the properties of the brain.",2.0,"The answer captures the essence of the reference answer, but misses significant points or contains major errors.",2.0,"The answer captures the essence of the reference answer, but misses significant points or contains major errors."
32,2.0,"The answer provides a basic definition of an ANN and mentions its ability to store knowledge. However, it lacks a detailed explanation of the architecture and how it resembles the human brain. Additionally, the reference answer provides more specific examples and a deeper understanding of the learning process.",2.0,"The answer captures the essence of the reference answer, but misses some details. It could be improved by providing more context and by including more relevant details.",2.0,"The student's answer captures the essence of the reference answer, but misses significant points or contains major errors."
603,2.0,"The answer captures the essence of the reference answer, but misses some details. It could be improved by providing more context or by calculating the distance to the training points rather than simply selecting the K with minimum distance.",1.0,"The answer captures some of the main ideas, but misses the overall approach and the importance of choosing K nearest neighbors.",1.0,"The answer captures the essence of the reference answer, but misses significant points or contains major errors."
263,2.0,"The answer provides a basic understanding of the role of the steepest descent method in network learning. However, it lacks a detailed explanation of how it works and misses the nuances of how it can suffer from local minima and become unstable.",2.0,"The answer captures the essence of the reference answer, but misses some details about the steepest descent algorithm.",2.0,"The student demonstrates a basic understanding of the term 'artificial neural network'. They are able to provide a definition of the term, but they miss the key details about the structure and function of the network."
559,2.0,"The answer provides a good understanding of the main ideas, but it lacks a few details and misses some important points.",2.0,"The answer captures the essence of the reference answer, but misses some details. The student should focus on providing a more detailed explanation of the main ideas.",2.0,"The student's answer captures the essence of the reference answer, but misses significant points or contains major errors."
422,1.0,"The answer provides a basic description of the Reduced Boltzmann Machine, but it misses the key concept of recurrent connections between neurons in the two layers. The answer also contains some inaccuracies in the description of the weight update process.",1.0,"The answer provides a basic description of the Reduced Boltzman Machine, but it misses the key concept of recurrent connections between neurons in the two layers.",2.0,"The student provides a good definition of the term 'artificial neural network' and mentions that it is similar to the human brain in terms of knowledge acquisition and synaptic weight connections. However, the student's answer could be improved by providing more details and by using more accurate and concise language."
449,1.0,"The answer provides a basic description of the Reduced Boltzmann Machine, but it lacks a clear explanation of the main ideas. It also contains some inaccuracies and missing details.",2.0,"The answer captures the essence of the reference answer, but misses some details about the bi-parted graph and the role of the hidden layer.",2.0,"The student's answer captures the essence of the reference answer, but misses significant points or contains major errors."
533,2.0,"The answer provides a good understanding of the three key concepts required for an RBF network: center, weight, and bias. However, the answer could be improved by providing more details and examples, particularly regarding the computation of the center and weight.",2.0,"The answer captures the essence of the reference answer, but misses significant points such as the definition of RBFN and the role of the bias in the network.",2.0,"The student demonstrates a basic understanding of the term 'artificial neural network'. However, the answer is not comprehensive and misses the key concepts of the neural network. The student should have elaborated on the definition of the term, and discussed how the neural network resembles the human brain."
546,2.0,"The answer captures the essence of the reference answer, but misses some details. It should be more comprehensive to accurately capture the essence of the RBFN concept.",2.0,"The answer captures the essence of the reference answer, but misses some details about the bias. The student should focus on understanding the main ideas and how they relate to the RBFN architecture.",2.0,"The student's answer captures the essence of the reference answer, but misses significant points or contains major errors."
372,2.0,"The answer provides a good understanding of the backpropagation algorithm and its main ideas. However, it could be improved by providing more details and explanations, such as the role of the activation function and the chain rule in calculating the local gradient.",2.0,"The answer provides a good understanding of the backpropagation algorithm, but it could be more detailed and include more specific examples.",2.0,"The answer captures the essence of the reference answer, but misses significant points or contains major errors."
476,1.0,"The answer provides a good definition of Echo State Network, but it misses the key difference between recurrent and feedforward networks, and the role of the reservoir in ESN.",1.0,"The answer provides a basic definition of Echo State Network, but it misses the key concept of reservoirs and the cyclic connections between neurons. The reference answer is more comprehensive and provides a deeper understanding of the topic.",2.0,"The student's answer captures the essence of the reference answer, but misses significant points or contains major errors."
140,2.0,"The answer captures the essence of the reference answer, but misses some details. It could be improved by providing more context or by explaining why the other options are not correct.",2.0,"The answer captures the essence of the reference answer, but misses some details. It could be improved by providing more context or by accurately identifying the target class.",2.0,"The answer captures the essence of the reference answer, but misses significant points or contains major errors."
232,2.0,"The answer provides a basic understanding of the role of the steepest descent method in minimizing the error. However, it lacks a detailed explanation of how it works and misses the nuances of the method such as the direction of the steepest descent.",2.0,"The answer captures the essence of the reference answer, but misses some details about the steepest descent algorithm.",2.0,"The student demonstrates a basic understanding of the term 'artificial neural network'. However, the answer is missing some key details and does not provide a comprehensive definition of the term."
544,2.0,"The answer captures the essence of the reference answer, but misses some details. It should mention that RBFN consists of a single hidden layer and a linear output layer.",2.0,"The answer captures the essence of the reference answer, but misses some details. It could be improved by providing more context or by addressing the missing details.",2.0,"The answer captures the essence of the reference answer, but misses significant points or contains major errors."
248,2.0,"The answer provides a basic understanding of the role of the steepest descent algorithm in learning a network. However, it lacks a detailed explanation of the exact steps or how it works. Additionally, it does not mention the potential issues or limitations of the method.",1.0,"The student's answer provides a basic understanding of the role of the steepest descent algorithm in learning a network, but it misses the key details and does not capture the essence of the reference answer.",2.0,"The student demonstrates a basic understanding of the term 'artificial neural network'. However, the answer is missing some key details and does not provide a comprehensive comparison between the artificial neural network and the human brain."
347,,,,,,
13,2.0,"The answer provides a good understanding of the definition of an artificial neural network and its resemblance to the human brain. However, it could be improved by providing more details about the learning process and the role of synaptic weights.",2.0,"The answer captures the essence of the reference answer, but misses significant points or contains major errors.",2.0,"The student's answer captures the essence of the reference answer, but misses some significant points. The student should pay more attention to the details of the answer and provide more accurate information."
466,1.0,"The answer provides a basic definition of Echo State Network, but it misses the key difference between ESN and FF NNs. It also contains a few grammatical errors.",1.0,"The answer provides a basic definition of Echo State Network, but it misses the key difference between ESN and FF NNs. The reference answer clearly explains that ESN has a reservoir as a hidden layer with randomly connected neurons, while FF NNs do not have such a reservoir.",2.0,"The student's answer captures the essence of the reference answer, but misses significant points or contains major errors."
634,1.0,"The answer provides a basic definition of bias-variance dilemma, but it lacks a clear explanation of the underlying concepts. It also misses the connection between bias and variance.",1.0,"The answer provides a basic understanding of the bias-variance dilemma, but it misses the key concept of how it affects the generalizability of a model.",2.0,"The student's answer captures the essence of the reference answer, but misses significant points or contains major errors."
561,2.0,"The answer provides a good understanding of the main ideas, but it misses some details in the explanation of the RBFN architecture. It also contains a few minor errors in the description of the feature space.",2.0,"The answer captures the essence of the reference answer, but misses significant points about the bias and the feature space. The student should focus on understanding these concepts to improve their answer.",2.0,"The answer captures the essence of the reference answer, but misses significant points or contains major errors."
188,1.0,"The answer captures the basic idea of SOM learning, but it misses the details and does not provide a comprehensive explanation of the main ideas. It should include a more detailed explanation of the neighbourhood function and how it affects the learning process.",1.0,"The answer captures some of the main ideas, but misses the details and does not capture the essence of the reference answer.",1.0,"The answer captures the essence of the reference answer, but misses significant points or contains major errors."
63,,,,,,
405,2.0,"The answer provides a basic understanding of the role of the learning rate in steepest descent, but it misses the details about the overdamped and underdamped convergence and the critical value.",1.0,"The student's answer provides a basic understanding of the learning rate concept, but it lacks a clear explanation of how it affects the convergence process. The student should focus on understanding the relationship between the learning rate and convergence speed.",2.0,"The student demonstrates a basic understanding of the term 'artificial neural network'. However, the answer is missing some key details and does not provide a comprehensive definition of the term."
102,,,,,,
341,,,,,,
74,2.0,"The answer provides a basic definition of a neuron, including the three main components: synaptic weight, activation function, and adder function. However, it lacks a detailed explanation of each component and the mathematical operations involved in each step.",2.0,"The answer captures the essence of the reference answer, but misses some details about the activation function. It should also be noted that the answer could be improved by providing a more detailed explanation of the mathematical concepts involved.",2.0,"The student's answer captures the essence of the reference answer, but misses significant points or contains major errors."
161,1.0,"The answer captures the basic idea of SOM learning, but it misses the details and does not provide a comprehensive explanation of the main ideas. It also contains a few syntax errors.",1.0,"The answer captures some of the main ideas, but misses the details and does not capture the essence of the reference answer.",1.0,"The answer captures the essence of the reference answer, but misses significant points or contains major errors."
2,1.0,"The answer provides a basic definition of an artificial neural network, but it lacks a clear explanation of how it resembles the human brain. Additionally, the reference answer provides more details about synaptic weights and the learning process, which are not covered in the student's answer.",2.0,"The answer captures the essence of the reference answer, but misses some details. It could be improved by providing more context and by using more precise language.",2.0,"The answer captures the essence of the reference answer, but misses significant points or contains major errors."
93,1.0,"The answer captures the basic idea of the perceptron algorithm, but it misses the details of the update rule and the convergence condition.",1.0,"The student's answer captures some of the main ideas, but misses the detailed explanation of the perceptron algorithm. It should be more comprehensive to accurately capture the essence of the reference answer.",1.0,"The student's answer captures the essence of the reference answer, but misses significant points or contains major errors."
281,2.0,"The answer captures the essence of the reference answer, but misses some details. It should be more precise and provide a clear definition of the term 'shatters'.",1.0,"The student's answer captures some of the key points, but misses the mark by not explicitly stating that the hypothesis shatters the dataset.",2.0,"The student's answer captures the essence of the reference answer, but misses significant points or contains major errors."
284,,,,,,
626,1.0,"The answer provides a basic understanding of the bias-variance dilemma, but misses the key concepts of bias and variance. It also lacks a clear explanation of how these concepts relate to the dilemma.",1.0,"The answer provides a basic understanding of the bias-variance dilemma, but misses the key concepts of bias and variance. It also lacks a clear explanation of how these concepts relate to the problem.",2.0,"The answer captures the essence of the reference answer, but misses significant points or contains major errors."
425,2.0,"The answer provides a basic description of the Reduced Boltzmann Machine, but it lacks a clear explanation of the main ideas. It also contains some inaccuracies and missing details.",2.0,"The answer provides a basic description of the Reduced Boltzman Machine, but it lacks a clear explanation of the main ideas. It also contains some inaccuracies and missing details.",2.0,"The student provides a good definition of the term 'artificial neural network' and mentions that it is similar to the human brain in two aspects. However, the student's answer could be improved by providing more details about the synaptic weights and how they are used to store knowledge."
371,,,,,,
191,2.0,"The answer captures the essence of the reference answer, but misses some details. It could be improved by providing more context and by explaining why the decision boundary is chosen as the margin.",2.0,"The answer captures the essence of the reference answer, but misses some details about the margin and support vectors. It should be more detailed to accurately explain the concept of an SVM.",2.0,"The answer captures the essence of the reference answer, but misses significant points or contains major errors."
385,2.0,"The answer demonstrates a good understanding of the role of the learning rate in steepest descent. However, it could be improved by providing more specific examples or by explaining why the other grades were assigned.",1.0,"The student's answer partially captures the essence of the reference answer, but misses significant points or contains major errors.",2.0,"The student demonstrates a basic understanding of the term 'artificial neural network'. However, the answer is missing the key concept of the neural network's ability to store knowledge and the role of synaptic weights in that process."
418,1.0,"The answer provides a basic description of the Reduced Boltzmann Machine, but it misses the key concept of the recurrent structure and the two states involved.",2.0,"The answer captures the essence of the reference answer, but misses some details about the recurrent structure of the network.",2.0,The student provides a good definition of the term 'artificial neural network' and mentions that it is similar to the human brain in terms of knowledge acquisition and synaptic weight.
416,1.0,"The answer provides a good understanding of the role of the learning rate in steepest descent, but misses the specific details of the zigzag effect and the stability condition.",1.0,"The student's answer partially captures the essence of the reference answer, but misses significant points or contains major errors.",1.0,"The student's answer captures the essence of the reference answer, but misses significant points or contains major errors."
75,2.0,"The answer captures the essence of the reference answer, but misses some details and contains a minor error in the activation function.",2.0,"The answer captures the essence of the reference answer, but misses some details and contains a minor error in the activation function.",2.0,"The student's answer captures the essence of the reference answer, but misses significant points or contains major errors."
582,2.0,"The pseudo code provides a good overview of how k-nearest neighbors works, but it could be more detailed and could include more comments. It also lacks explanations of the terms used, which could make it difficult for others to understand the algorithm.",1.0,"The pseudo code provides a good overview of how k-nearest neighbors works, but it could be more detailed and include more comments. The reference answer is more comprehensive and provides more details about the algorithm.",2.0,"The answer captures the essence of the reference answer, but misses significant points or contains major errors."
57,2.0,"The answer provides a good overview of the mathematical model of a neuron, including the essential features such as synaptic links, bias, and activation function. However, it could benefit from providing more details and explanations about each concept.",1.0,"The answer provides a basic definition of a neuron, but it lacks a clear understanding of the mathematical model and the specific technical terms used.",2.0,"The student's answer captures the essence of the reference answer, but misses significant points or contains major errors."
210,2.0,"The answer captures the essence of the reference answer, but misses some details. It could be improved by providing more context and by explaining why the support vectors are chosen.",2.0,"The answer captures the essence of the reference answer, but misses some details about the margin and support vectors.",2.0,"The answer captures the essence of the reference answer, but misses significant points or contains major errors."
399,2.0,"The answer provides a good understanding of the role of the learning rate in steepest descent. It correctly describes the different transient responses of the algorithm depending on the value of the learning rate. However, it could be improved by providing more details and examples to support the answers.",2.0,"The student's answer captures the essence of the reference answer, but misses some details and contains a minor error in the description of the underdamped and overdamped transient responses.",2.0,"The student's answer captures the essence of the reference answer, but misses significant points or contains major errors."
172,,,,,,
353,2.0,"The answer provides a good understanding of the backpropagation algorithm, but it could be more detailed and include more specific examples.",2.0,"The answer captures the essence of the reference answer, but misses some details and contains a minor error in the weight update calculation.",2.0,"The answer captures the essence of the reference answer, but misses significant points or contains major errors."
628,1.0,"The answer provides a basic understanding of the Bias Variance Dilemma, but misses the key concepts of bias and variance. It also contains a few grammatical errors.",1.0,"The answer provides a basic understanding of the Bias Variance Dilemma, but misses the key concept of how it affects the generalizability of a model.",2.0,"The answer captures the essence of the reference answer, but misses significant points or contains major errors."
471,1.0,"The answer provides a good definition of Echo State Network, but it misses the key difference between ESN and FF NNs. It also contains a few grammatical errors.",1.0,"The answer provides a good overview of the Echo State Network, but it misses some key details about the architecture and the training process. It should also provide more context about the application of ESN in dynamic systems.",2.0,"The student's answer captures the essence of the reference answer, but misses significant points or contains major errors."
558,2.0,"The answer provides a good understanding of the three key concepts of RBFN: weights, centers, and variations of the cluster. However, the answer could be improved by providing more details and examples to support the concepts.",2.0,"The answer captures the essence of the reference answer, but misses significant points about the center of the clusters and the variation of the cluster.",2.0,"The student's answer captures the essence of the reference answer, but misses significant points or contains major errors."
507,1.0,"The answer provides a basic description of the structure of a CNN, but it misses the key details and concepts of the network. It should include information about the different layers and their functions, such as the convolutional layer, activation layer, and pooling layer.",1.0,"The answer provides a basic description of the structure of a CNN, but it misses the key details and concepts of the network, such as the purpose of each layer and the overall workflow.",2.0,"The answer captures the essence of the reference answer, but misses significant points or contains major errors."
87,,,,,,
457,1.0,"The answer provides a basic definition of Echo State Network, but it misses the key concept of feedback connections and the role of reservoir weights. It also contains a few grammatical errors.",2.0,"The answer captures the essence of the reference answer, but misses some details. It could be improved by providing more context or by addressing the missing details.",2.0,"The student's answer captures the essence of the reference answer, but misses significant points or contains major errors."
264,2.0,"The answer provides a good understanding of the role of the steepest descent method in minimizing the average squared error. However, it could be improved by providing more details about the algorithm and by explaining why it is more effective than other methods such as gradient descent.",2.0,"The answer captures the essence of the reference answer, but misses some details about the steepest descent algorithm.",2.0,"The student demonstrates a basic understanding of the term 'artificial neural network'. However, the answer is missing some key details and does not provide a comprehensive comparison between the artificial neural network and the human brain."
66,,,,,,
501,2.0,"The answer provides a good overview of the structure of a CNN, including the convolution layer and the pooling layer. However, it could be more detailed by providing a more comprehensive explanation of the different layers and their roles.",2.0,"The answer provides a good overview of the structure of a CNN, including the convolution layer and the pooling layer. However, it could be more detailed by including information about the fully connected layers and the softmax layer.",2.0,"The answer captures the essence of the reference answer, but misses significant points or contains major errors."
213,2.0,"The answer captures the essence of the reference answer, but misses some details about the margin and support vectors.",2.0,"The answer captures the essence of the reference answer, but misses some details about the margin and support vectors.",2.0,"The answer captures the essence of the reference answer, but misses significant points or contains major errors."
534,1.0,"The answer provides a basic understanding of the three items to be learned for an RBF network, but it misses the distinction between RBFN and other NNs and the importance of the bias.",2.0,"The answer captures the essence of the reference answer, but misses significant points about the bias. The student should focus on understanding the center, weight, and bias of an RBFN.",2.0,"The student's answer captures the essence of the reference answer, but misses significant points or contains major errors."
521,1.0,"The answer provides a basic description of the structure of a convolutional neural network, but it lacks details and misses important points. It should include a more comprehensive explanation of the different layers and their functions.",1.0,"The answer provides a basic description of the structure of a convolutional neural network, but it lacks details and misses the main concepts. It should focus on capturing the essence of the reference answer by providing a more comprehensive understanding of the network's components and their interactions.",2.0,"The answer captures the essence of the reference answer, but misses significant points or contains major errors."
211,2.0,"The answer provides a basic definition of an SVM, but it lacks details and misses the key concepts of the algorithm. It should emphasize that an SVM is a hyperplane that maximizes the margin between classes and that the decision boundary is determined by support vectors.",2.0,"The answer captures the essence of the reference answer, but misses some details. It could be improved by providing more context and by including a more detailed explanation of the decision boundary.",2.0,"The student provides a good definition of the term 'artificial neural network' and compares it to the human brain. However, the student could provide more details about the synaptic weights and how they store knowledge."
0,2.0,"The answer provides a basic definition of an artificial neural network and compares it to the human brain in two aspects. However, it lacks a comprehensive understanding of the main ideas and contains some errors in the description of synaptic weights.",2.0,"The answer captures the essence of the reference answer, but misses significant points or contains major errors.",2.0,"The student's answer captures the essence of the reference answer, but misses significant points or contains major errors."
234,2.0,The answer provides a good understanding of the role of the steepest descent method in learning a network. It correctly identifies that the method updates the weights in the direction of the steepest descent and provides a concise explanation of its purpose.,1.0,"The answer provides a basic understanding of the role of the steepest descent method in learning a network, but it misses the mark by not explaining the specific direction of the weight updates or the concept of minimum error.",2.0,"The student demonstrates a basic understanding of the term 'artificial neural network'. However, the answer is missing some key details and does not provide a comprehensive explanation of the concept."
135,2.0,"The answer provides a basic definition of classification and regression, but it lacks a clear distinction between the two tasks. It also contains a few grammatical errors.",2.0,"The answer captures the essence of the reference answer, but misses some details. It could be improved by providing more context or by accurately identifying the classes.",2.0,"The answer captures the essence of the reference answer, but misses significant points or contains major errors."
6,2.0,"The answer provides a basic definition of an ANN and compares it to the brain's ability to acquire knowledge. However, it lacks a comprehensive understanding of the key concepts and fails to mention the interneuron connections or synaptic weights in the context of knowledge storage.",2.0,"The answer captures the essence of the reference answer, but misses significant points or contains major errors.",2.0,"The student's answer captures the essence of the reference answer, but misses significant points or contains major errors."
229,2.0,"The answer provides a basic understanding of the role of the steepest descent method in optimizing the algorithm by minimizing the error. However, it lacks details and misses the explanation of how it works.",2.0,"The answer captures the essence of the reference answer, but misses some details about the steepest descent algorithm.",2.0,"The student demonstrates a basic understanding of the term 'artificial neural network'. However, the answer is missing some key details and does not provide a comprehensive definition of the term."
11,2.0,"The answer provides a good understanding of the definition of an artificial neural network and its resemblance to the human brain. However, it could be improved by providing more details about the learning process and the synaptic weights.",2.0,"The answer captures the essence of the reference answer, but misses significant points about the synaptic weights and the learning process.",2.0,"The student's answer captures the essence of the reference answer, but misses significant points or contains major errors."
624,1.0,"The answer provides a basic understanding of the bias-variance dilemma, but misses the key concepts of bias and variance. It also contains a few grammatical errors.",1.0,"The answer provides a basic understanding of the bias-variance dilemma, but misses the key concept of how it affects the generalizability of a model.",2.0,"The student's answer captures the essence of the reference answer, but misses significant points or contains major errors."
139,2.0,"The answer captures the essence of the reference answer, but misses some details. It could be improved by providing more context or by explaining why the other options are incorrect.",2.0,"The answer captures the essence of the reference answer, but misses some details. It could be improved by providing more context or by accurately identifying the classes.",1.0,"The answer captures the essence of the reference answer, but misses significant points or contains major errors."
311,2.0,"The answer provides a basic understanding of the Widrow-Hoff learning rule, but it lacks a clear explanation of the error signal and how it is used to calculate the weight update. Additionally, the answer does not provide a justification for the use of the Widrow-Hoff learning rule.",2.0,"The answer captures the essence of the reference answer, but misses some details. It could be improved by providing more context or by addressing the missing details.",2.0,"The student provides a good definition of artificial neural network and its resemblance to the human brain. However, the answer could be improved by providing more details about the synaptic weights and learning process."
206,2.0,"The answer captures the essence of the reference answer, but misses some details about the margin of separation between classes.",2.0,"The answer captures the essence of the reference answer, but misses some details about the margin of separation.",2.0,"The answer captures the essence of the reference answer, but misses significant points or contains major errors."
26,2.0,"The answer provides a basic definition of artificial neural network and compares it to the human brain. However, it lacks a comprehensive understanding of the key concepts, such as the learning process and synaptic weight storage. Additionally, the answer contains a few grammatical errors.",2.0,"The answer captures the essence of the reference answer, but misses significant points or contains major errors.",2.0,"The answer captures the essence of the reference answer, but misses significant points or contains major errors."
530,2.0,"The answer provides a good overview of the structure of a CNN, including the input, convolution stage, and feed forward network. However, it lacks a detailed explanation of the specific operations performed in each stage, which could make it more difficult for someone to understand the functionality of the CNN.",2.0,"The answer provides a basic description of the structure of a CNN, but it lacks details and misses the main concepts. It should include a more comprehensive explanation of the convolution stage, including the use of filters, RELU, and polling.",2.0,"The answer captures the essence of the reference answer, but misses significant points or contains major errors."
219,2.0,"The answer provides a basic description of the main ideas of an SVM, including the decision boundary and support vectors. However, it lacks a detailed explanation of the kernel function and how it is used to achieve non-linear separability.",2.0,"The answer captures the essence of the reference answer, but misses some details. It could be improved by providing more context and by including a more detailed explanation of the decision boundary.",2.0,"The answer captures the essence of the reference answer, but misses significant points or contains major errors."
85,2.0,"The answer captures the essence of the reference answer, but misses some details. It could be improved by providing a more detailed explanation of the learning algorithm.",1.0,"The student's answer captures some of the main ideas, but misses the detailed explanation of the perceptron algorithm. It should be more comprehensive to accurately capture the essence of the reference answer.",1.0,"The student's answer captures the essence of the reference answer, but misses significant points or contains major errors."
294,1.0,"The answer captures the essence of the reference answer, but misses significant points such as the requirement of the dataset to be a dichotomy and the need for the hypothesis to get zero training error on all dichotomies of the datapoints.",1.0,"The student's answer captures some of the key points, but misses the crucial condition of the hypothesis splitting the data with no error for all possible dichotomies of the datapoints.",2.0,"The student's answer captures the essence of the reference answer, but misses significant points or contains major errors."
258,1.0,"The answer provides a basic definition of the steepest descent algorithm, but it lacks a clear explanation of how it works and how it is used to minimize the error in a network.",1.0,"The student's answer provides a basic understanding of the concept of steepest descent, but it lacks a clear explanation of how it is used to minimize the error in a network.",2.0,"The student demonstrates a basic understanding of the term 'artificial neural network'. However, the answer is missing some key details and does not provide a comprehensive comparison between the human brain and the neural network."
72,2.0,"The answer captures the essence of the reference answer, but misses some details about the activation function. It should also be noted that the answer could be more concise and could provide more details about the mathematical concepts involved.",2.0,"The answer captures the essence of the reference answer, but misses some details. The student should pay more attention to the weighting of the inputs and the activation function.",2.0,"The student's answer captures the essence of the reference answer, but misses significant points or contains major errors."
588,2.0,"The answer captures the essence of the reference answer, but misses some details and contains a few minor errors.",1.0,"The answer captures some of the main ideas, but it misses the overall approach and the role of k-nearest neighbors in unsupervised learning.",1.0,"The answer captures the essence of the reference answer, but misses significant points or contains major errors."
105,,,,,,
327,2.0,"The answer captures the essence of the reference answer, but misses some details. It should be more precise and provide a more comprehensive explanation of the Widrow-Hoff learning rule.",1.0,"The answer provides a basic definition of the Widrow-Hoff learning rule, but it lacks a clear explanation of the underlying concepts and the derivation of the rule.",2.0,"The student's answer captures the essence of the reference answer, but misses significant points or contains major errors."
426,2.0,"The answer provides a basic description of the Reduced Boltzmann Machine, but it lacks a clear explanation of the main idea. It should emphasize that the machine consists of two layers of neurons, with the input passing from the first to the second layer. Additionally, it should mention that the neurons in the second layer are activated based on a probability determined by the activation of the neuron in the first layer.",2.0,"The answer captures the essence of the reference answer, but misses some details about the bi-parted graph and the role of the input and hidden layers.",2.0,"The student's answer captures the essence of the reference answer, but misses significant points or contains major errors."
474,1.0,"The answer provides a basic definition of Echo State Network, but it lacks a clear distinction between ESN and FF NNs. It also misses the key concept of dynamic reservoir and the training method.",1.0,"The answer provides a basic definition of Echo State Network, but it misses the key concept of the cyclic connections and the purpose of training only output weights.",2.0,"The student's answer captures the essence of the reference answer, but misses significant points or contains major errors."
243,2.0,"The answer provides a good understanding of the role of the steepest descent method in learning a network. It correctly describes that the weights are updated in the direction of the steepest descent, which is opposite to the direction of the gradient vector. However, it could be improved by providing more details about the algorithm and by explaining why it is effective for finding an optimal weight.",2.0,"The answer captures the essence of the reference answer, but misses some details. It could be improved by providing more context or by explaining why the other options are not correct.",2.0,"The student's answer captures the essence of the reference answer, but misses significant points or contains major errors."
141,2.0,"The answer captures the essence of the reference answer, but misses some details. It could be improved by providing more context or by explaining why the other options are incorrect.",2.0,"The answer captures the essence of the reference answer, but misses some details. It could be improved by providing more context or by accurately identifying the target variable in the question.",1.0,"The answer captures the essence of the reference answer, but misses significant points or contains major errors."
458,1.0,"The answer provides a good overview of the differences between Echo State Networks and Feedforward Neural Networks, but it lacks in-depth explanations and some details are missing.",1.0,"The answer provides a basic definition of Echo State Network, but it misses the key differences between ESN and FF NNs, such as the cyclic connections and the training of only output weights.",2.0,"The student's answer captures the essence of the reference answer, but misses significant points or contains major errors."
541,2.0,"The answer captures the essence of the reference answer, but misses some details. It should be more comprehensive to accurately capture the essence of the RBFN concept.",2.0,"The answer captures the essence of the reference answer, but misses some details about the center of the kernel. It should be noted that the center is not unique and can be chosen based on specific criteria.",2.0,"The student's answer captures the essence of the reference answer, but misses significant points or contains major errors."
